-- phpMyAdmin SQL Dump
-- version 5.2.1
-- https://www.phpmyadmin.net/
--
-- Host: 127.0.0.1
-- Generation Time: Apr 10, 2025 at 06:47 AM
-- Server version: 10.4.32-MariaDB
-- PHP Version: 8.0.30

SET SQL_MODE = "NO_AUTO_VALUE_ON_ZERO";
START TRANSACTION;
SET time_zone = "+00:00";


/*!40101 SET @OLD_CHARACTER_SET_CLIENT=@@CHARACTER_SET_CLIENT */;
/*!40101 SET @OLD_CHARACTER_SET_RESULTS=@@CHARACTER_SET_RESULTS */;
/*!40101 SET @OLD_COLLATION_CONNECTION=@@COLLATION_CONNECTION */;
/*!40101 SET NAMES utf8mb4 */;

--
-- Database: `jadetimes`
--

-- --------------------------------------------------------

--
-- Table structure for table `admin_logs`
--

CREATE TABLE `admin_logs` (
  `id` int(11) NOT NULL,
  `admin_id` int(11) NOT NULL,
  `action` text NOT NULL,
  `action_time` timestamp NOT NULL DEFAULT current_timestamp()
) ENGINE=InnoDB DEFAULT CHARSET=utf8mb4 COLLATE=utf8mb4_general_ci;

-- --------------------------------------------------------

--
-- Table structure for table `articles`
--

CREATE TABLE `articles` (
  `id` int(11) NOT NULL,
  `title` varchar(255) NOT NULL,
  `slug` varchar(255) NOT NULL,
  `content` text NOT NULL,
  `author_id` int(11) NOT NULL,
  `category_id` int(11) NOT NULL,
  `status` enum('draft','published','archived') DEFAULT 'draft',
  `featured_image` varchar(255) DEFAULT NULL,
  `views` int(11) DEFAULT 0,
  `published_at` datetime DEFAULT NULL,
  `created_at` timestamp NOT NULL DEFAULT current_timestamp(),
  `updated_at` timestamp NOT NULL DEFAULT current_timestamp() ON UPDATE current_timestamp()
) ENGINE=InnoDB DEFAULT CHARSET=utf8mb4 COLLATE=utf8mb4_general_ci;

--
-- Dumping data for table `articles`
--

INSERT INTO `articles` (`id`, `title`, `slug`, `content`, `author_id`, `category_id`, `status`, `featured_image`, `views`, `published_at`, `created_at`, `updated_at`) VALUES
(1, 'How AI is Changing the World', 'ai-changing-world', 'AI is evolving...', 3, 1, 'published', NULL, 150, NULL, '2025-03-12 06:42:04', '2025-03-12 06:42:04'),
(2, 'Health Benefits of Yoga', 'health-yoga', 'Yoga improves...', 3, 2, 'published', NULL, 200, NULL, '2025-03-12 06:42:04', '2025-03-12 06:42:04');

-- --------------------------------------------------------

--
-- Table structure for table `article_likes`
--

CREATE TABLE `article_likes` (
  `id` int(11) NOT NULL,
  `article_id` int(11) NOT NULL,
  `user_id` int(11) NOT NULL,
  `created_at` timestamp NOT NULL DEFAULT current_timestamp()
) ENGINE=InnoDB DEFAULT CHARSET=utf8mb4 COLLATE=utf8mb4_general_ci;

--
-- Dumping data for table `article_likes`
--

INSERT INTO `article_likes` (`id`, `article_id`, `user_id`, `created_at`) VALUES
(1, 1, 4, '2025-03-12 06:42:04'),
(2, 2, 4, '2025-03-12 06:42:04');

-- --------------------------------------------------------

--
-- Table structure for table `article_tags`
--

CREATE TABLE `article_tags` (
  `article_id` int(11) NOT NULL,
  `tag_id` int(11) NOT NULL
) ENGINE=InnoDB DEFAULT CHARSET=utf8mb4 COLLATE=utf8mb4_general_ci;

--
-- Dumping data for table `article_tags`
--

INSERT INTO `article_tags` (`article_id`, `tag_id`) VALUES
(1, 1),
(2, 2);

-- --------------------------------------------------------

--
-- Table structure for table `article_views`
--

CREATE TABLE `article_views` (
  `id` int(11) NOT NULL,
  `article_id` int(11) NOT NULL,
  `user_id` int(11) DEFAULT NULL,
  `ip_address` varchar(45) NOT NULL,
  `viewed_at` timestamp NOT NULL DEFAULT current_timestamp()
) ENGINE=InnoDB DEFAULT CHARSET=utf8mb4 COLLATE=utf8mb4_general_ci;

--
-- Dumping data for table `article_views`
--

INSERT INTO `article_views` (`id`, `article_id`, `user_id`, `ip_address`, `viewed_at`) VALUES
(1, 1, 4, '192.168.1.1', '2025-03-12 06:42:04'),
(2, 2, NULL, '192.168.1.2', '2025-03-12 06:42:04');

-- --------------------------------------------------------

--
-- Table structure for table `categories`
--

CREATE TABLE `categories` (
  `id` int(11) NOT NULL,
  `name` varchar(255) NOT NULL,
  `parent_id` int(11) DEFAULT NULL
) ENGINE=InnoDB DEFAULT CHARSET=utf8mb4 COLLATE=utf8mb4_general_ci;

--
-- Dumping data for table `categories`
--

INSERT INTO `categories` (`id`, `name`, `parent_id`) VALUES
(1, 'Technology', NULL),
(2, 'Health', NULL),
(3, 'Business', NULL);

-- --------------------------------------------------------

--
-- Table structure for table `comments`
--

CREATE TABLE `comments` (
  `id` int(11) NOT NULL,
  `article_id` int(11) NOT NULL,
  `user_id` int(11) DEFAULT NULL,
  `guest_name` varchar(255) DEFAULT NULL,
  `guest_email` varchar(255) DEFAULT NULL,
  `content` text NOT NULL,
  `status` enum('pending','approved','rejected') DEFAULT 'pending',
  `created_at` timestamp NOT NULL DEFAULT current_timestamp()
) ENGINE=InnoDB DEFAULT CHARSET=utf8mb4 COLLATE=utf8mb4_general_ci;

--
-- Dumping data for table `comments`
--

INSERT INTO `comments` (`id`, `article_id`, `user_id`, `guest_name`, `guest_email`, `content`, `status`, `created_at`) VALUES
(1, 1, 4, NULL, NULL, 'Great article on AI!', 'approved', '2025-03-12 06:42:04'),
(2, 2, NULL, 'GuestUser', 'guest@example.com', 'I love yoga!', 'approved', '2025-03-12 06:42:04');

-- --------------------------------------------------------

--
-- Table structure for table `media`
--

CREATE TABLE `media` (
  `id` int(11) NOT NULL,
  `article_id` int(11) DEFAULT NULL,
  `user_id` int(11) NOT NULL,
  `file_path` varchar(255) NOT NULL,
  `file_type` enum('image','video','audio','document') DEFAULT NULL,
  `uploaded_at` timestamp NOT NULL DEFAULT current_timestamp()
) ENGINE=InnoDB DEFAULT CHARSET=utf8mb4 COLLATE=utf8mb4_general_ci;

--
-- Dumping data for table `media`
--

INSERT INTO `media` (`id`, `article_id`, `user_id`, `file_path`, `file_type`, `uploaded_at`) VALUES
(1, 1, 3, 'uploads/ai_image.jpg', 'image', '2025-03-12 06:42:04'),
(2, 2, 3, 'uploads/yoga_video.mp4', 'video', '2025-03-12 06:42:04');

-- --------------------------------------------------------

--
-- Table structure for table `newsletter_subscribers`
--

CREATE TABLE `newsletter_subscribers` (
  `id` int(11) NOT NULL,
  `email` varchar(255) NOT NULL,
  `subscribed_at` timestamp NOT NULL DEFAULT current_timestamp()
) ENGINE=InnoDB DEFAULT CHARSET=utf8mb4 COLLATE=utf8mb4_general_ci;

--
-- Dumping data for table `newsletter_subscribers`
--

INSERT INTO `newsletter_subscribers` (`id`, `email`, `subscribed_at`) VALUES
(1, 'subscriber1@example.com', '2025-03-12 06:42:04'),
(2, 'guest@example.com', '2025-03-12 06:42:04');

-- --------------------------------------------------------

--
-- Table structure for table `settings`
--

CREATE TABLE `settings` (
  `id` int(11) NOT NULL,
  `setting_key` varchar(255) NOT NULL,
  `setting_value` text NOT NULL
) ENGINE=InnoDB DEFAULT CHARSET=utf8mb4 COLLATE=utf8mb4_general_ci;

--
-- Dumping data for table `settings`
--

INSERT INTO `settings` (`id`, `setting_key`, `setting_value`) VALUES
(1, 'site_name', 'My Awesome Blog'),
(2, 'maintenance_mode', 'off');

-- --------------------------------------------------------

--
-- Table structure for table `subscriptions`
--

CREATE TABLE `subscriptions` (
  `id` int(11) NOT NULL,
  `user_id` int(11) NOT NULL,
  `plan` enum('free','premium','enterprise') DEFAULT 'free',
  `expires_at` datetime DEFAULT NULL,
  `created_at` timestamp NOT NULL DEFAULT current_timestamp()
) ENGINE=InnoDB DEFAULT CHARSET=utf8mb4 COLLATE=utf8mb4_general_ci;

--
-- Dumping data for table `subscriptions`
--

INSERT INTO `subscriptions` (`id`, `user_id`, `plan`, `expires_at`, `created_at`) VALUES
(1, 4, 'premium', '2025-12-31 00:00:00', '2025-03-12 06:42:04');

-- --------------------------------------------------------

--
-- Table structure for table `tags`
--

CREATE TABLE `tags` (
  `id` int(11) NOT NULL,
  `name` varchar(100) NOT NULL
) ENGINE=InnoDB DEFAULT CHARSET=utf8mb4 COLLATE=utf8mb4_general_ci;

--
-- Dumping data for table `tags`
--

INSERT INTO `tags` (`id`, `name`) VALUES
(1, 'AI'),
(3, 'Business'),
(2, 'Health');

-- --------------------------------------------------------

--
-- Table structure for table `users`
--

CREATE TABLE `users` (
  `id` int(11) NOT NULL,
  `username` varchar(255) NOT NULL,
  `email` varchar(255) NOT NULL,
  `password_hash` varchar(255) NOT NULL,
  `role` enum('admin','editor','author','subscriber') DEFAULT 'subscriber',
  `created_at` timestamp NOT NULL DEFAULT current_timestamp()
) ENGINE=InnoDB DEFAULT CHARSET=utf8mb4 COLLATE=utf8mb4_general_ci;

--
-- Dumping data for table `users`
--

INSERT INTO `users` (`id`, `username`, `email`, `password_hash`, `role`, `created_at`) VALUES
(1, 'admin', 'admin@example.com', 'hashedpassword1', 'admin', '2025-03-12 06:42:04'),
(2, 'editor', 'editor@example.com', 'hashedpassword2', 'editor', '2025-03-12 06:42:04'),
(3, 'author1', 'author1@example.com', 'hashedpassword3', 'author', '2025-03-12 06:42:04'),
(4, 'subscriber1', 'subscriber1@example.com', 'hashedpassword4', 'subscriber', '2025-03-12 06:42:04'),
(5, 'Peter', 'peter01@gmail.com', '$2y$10$oAJhI6FNRBYxY/.o/q4yhuCCvSL/sDXrp.p5Wn0WRhQjlg6ai0T.i', 'subscriber', '2025-03-14 06:02:13'),
(6, 'Tony', 'tony01@gmail.com', '$2y$10$j0N0P6WUie4tcVqHYYc8mudiPTVzFTUqQOcMgfYqVavxT8l0AI8y6', 'subscriber', '2025-03-14 06:15:52');

--
-- Indexes for dumped tables
--

--
-- Indexes for table `admin_logs`
--
ALTER TABLE `admin_logs`
  ADD PRIMARY KEY (`id`),
  ADD KEY `admin_id` (`admin_id`);

--
-- Indexes for table `articles`
--
ALTER TABLE `articles`
  ADD PRIMARY KEY (`id`),
  ADD UNIQUE KEY `slug` (`slug`),
  ADD KEY `author_id` (`author_id`),
  ADD KEY `category_id` (`category_id`);

--
-- Indexes for table `article_likes`
--
ALTER TABLE `article_likes`
  ADD PRIMARY KEY (`id`),
  ADD UNIQUE KEY `article_id` (`article_id`,`user_id`),
  ADD KEY `user_id` (`user_id`);

--
-- Indexes for table `article_tags`
--
ALTER TABLE `article_tags`
  ADD PRIMARY KEY (`article_id`,`tag_id`),
  ADD KEY `tag_id` (`tag_id`);

--
-- Indexes for table `article_views`
--
ALTER TABLE `article_views`
  ADD PRIMARY KEY (`id`),
  ADD KEY `article_id` (`article_id`),
  ADD KEY `user_id` (`user_id`);

--
-- Indexes for table `categories`
--
ALTER TABLE `categories`
  ADD PRIMARY KEY (`id`),
  ADD UNIQUE KEY `name` (`name`),
  ADD KEY `parent_id` (`parent_id`);

--
-- Indexes for table `comments`
--
ALTER TABLE `comments`
  ADD PRIMARY KEY (`id`),
  ADD KEY `article_id` (`article_id`),
  ADD KEY `user_id` (`user_id`);

--
-- Indexes for table `media`
--
ALTER TABLE `media`
  ADD PRIMARY KEY (`id`),
  ADD KEY `article_id` (`article_id`),
  ADD KEY `user_id` (`user_id`);

--
-- Indexes for table `newsletter_subscribers`
--
ALTER TABLE `newsletter_subscribers`
  ADD PRIMARY KEY (`id`),
  ADD UNIQUE KEY `email` (`email`);

--
-- Indexes for table `settings`
--
ALTER TABLE `settings`
  ADD PRIMARY KEY (`id`),
  ADD UNIQUE KEY `setting_key` (`setting_key`);

--
-- Indexes for table `subscriptions`
--
ALTER TABLE `subscriptions`
  ADD PRIMARY KEY (`id`),
  ADD KEY `user_id` (`user_id`);

--
-- Indexes for table `tags`
--
ALTER TABLE `tags`
  ADD PRIMARY KEY (`id`),
  ADD UNIQUE KEY `name` (`name`);

--
-- Indexes for table `users`
--
ALTER TABLE `users`
  ADD PRIMARY KEY (`id`),
  ADD UNIQUE KEY `username` (`username`),
  ADD UNIQUE KEY `email` (`email`);

--
-- AUTO_INCREMENT for dumped tables
--

--
-- AUTO_INCREMENT for table `admin_logs`
--
ALTER TABLE `admin_logs`
  MODIFY `id` int(11) NOT NULL AUTO_INCREMENT;

--
-- AUTO_INCREMENT for table `articles`
--
ALTER TABLE `articles`
  MODIFY `id` int(11) NOT NULL AUTO_INCREMENT, AUTO_INCREMENT=3;

--
-- AUTO_INCREMENT for table `article_likes`
--
ALTER TABLE `article_likes`
  MODIFY `id` int(11) NOT NULL AUTO_INCREMENT, AUTO_INCREMENT=3;

--
-- AUTO_INCREMENT for table `article_views`
--
ALTER TABLE `article_views`
  MODIFY `id` int(11) NOT NULL AUTO_INCREMENT, AUTO_INCREMENT=3;

--
-- AUTO_INCREMENT for table `categories`
--
ALTER TABLE `categories`
  MODIFY `id` int(11) NOT NULL AUTO_INCREMENT, AUTO_INCREMENT=4;

--
-- AUTO_INCREMENT for table `comments`
--
ALTER TABLE `comments`
  MODIFY `id` int(11) NOT NULL AUTO_INCREMENT, AUTO_INCREMENT=3;

--
-- AUTO_INCREMENT for table `media`
--
ALTER TABLE `media`
  MODIFY `id` int(11) NOT NULL AUTO_INCREMENT, AUTO_INCREMENT=3;

--
-- AUTO_INCREMENT for table `newsletter_subscribers`
--
ALTER TABLE `newsletter_subscribers`
  MODIFY `id` int(11) NOT NULL AUTO_INCREMENT, AUTO_INCREMENT=3;

--
-- AUTO_INCREMENT for table `settings`
--
ALTER TABLE `settings`
  MODIFY `id` int(11) NOT NULL AUTO_INCREMENT, AUTO_INCREMENT=3;

--
-- AUTO_INCREMENT for table `subscriptions`
--
ALTER TABLE `subscriptions`
  MODIFY `id` int(11) NOT NULL AUTO_INCREMENT, AUTO_INCREMENT=2;

--
-- AUTO_INCREMENT for table `tags`
--
ALTER TABLE `tags`
  MODIFY `id` int(11) NOT NULL AUTO_INCREMENT, AUTO_INCREMENT=4;

--
-- AUTO_INCREMENT for table `users`
--
ALTER TABLE `users`
  MODIFY `id` int(11) NOT NULL AUTO_INCREMENT, AUTO_INCREMENT=7;

--
-- Constraints for dumped tables
--

--
-- Constraints for table `admin_logs`
--
ALTER TABLE `admin_logs`
  ADD CONSTRAINT `admin_logs_ibfk_1` FOREIGN KEY (`admin_id`) REFERENCES `users` (`id`) ON DELETE CASCADE;

--
-- Constraints for table `articles`
--
ALTER TABLE `articles`
  ADD CONSTRAINT `articles_ibfk_1` FOREIGN KEY (`author_id`) REFERENCES `users` (`id`) ON DELETE CASCADE,
  ADD CONSTRAINT `articles_ibfk_2` FOREIGN KEY (`category_id`) REFERENCES `categories` (`id`) ON DELETE CASCADE;

--
-- Constraints for table `article_likes`
--
ALTER TABLE `article_likes`
  ADD CONSTRAINT `article_likes_ibfk_1` FOREIGN KEY (`article_id`) REFERENCES `articles` (`id`) ON DELETE CASCADE,
  ADD CONSTRAINT `article_likes_ibfk_2` FOREIGN KEY (`user_id`) REFERENCES `users` (`id`) ON DELETE CASCADE;

--
-- Constraints for table `article_tags`
--
ALTER TABLE `article_tags`
  ADD CONSTRAINT `article_tags_ibfk_1` FOREIGN KEY (`article_id`) REFERENCES `articles` (`id`) ON DELETE CASCADE,
  ADD CONSTRAINT `article_tags_ibfk_2` FOREIGN KEY (`tag_id`) REFERENCES `tags` (`id`) ON DELETE CASCADE;

--
-- Constraints for table `article_views`
--
ALTER TABLE `article_views`
  ADD CONSTRAINT `article_views_ibfk_1` FOREIGN KEY (`article_id`) REFERENCES `articles` (`id`) ON DELETE CASCADE,
  ADD CONSTRAINT `article_views_ibfk_2` FOREIGN KEY (`user_id`) REFERENCES `users` (`id`) ON DELETE SET NULL;

--
-- Constraints for table `categories`
--
ALTER TABLE `categories`
  ADD CONSTRAINT `categories_ibfk_1` FOREIGN KEY (`parent_id`) REFERENCES `categories` (`id`) ON DELETE CASCADE;

--
-- Constraints for table `comments`
--
ALTER TABLE `comments`
  ADD CONSTRAINT `comments_ibfk_1` FOREIGN KEY (`article_id`) REFERENCES `articles` (`id`) ON DELETE CASCADE,
  ADD CONSTRAINT `comments_ibfk_2` FOREIGN KEY (`user_id`) REFERENCES `users` (`id`) ON DELETE SET NULL;

--
-- Constraints for table `media`
--
ALTER TABLE `media`
  ADD CONSTRAINT `media_ibfk_1` FOREIGN KEY (`article_id`) REFERENCES `articles` (`id`) ON DELETE CASCADE,
  ADD CONSTRAINT `media_ibfk_2` FOREIGN KEY (`user_id`) REFERENCES `users` (`id`) ON DELETE CASCADE;

--
-- Constraints for table `subscriptions`
--
ALTER TABLE `subscriptions`
  ADD CONSTRAINT `subscriptions_ibfk_1` FOREIGN KEY (`user_id`) REFERENCES `users` (`id`) ON DELETE CASCADE;
COMMIT;

/*!40101 SET CHARACTER_SET_CLIENT=@OLD_CHARACTER_SET_CLIENT */;
/*!40101 SET CHARACTER_SET_RESULTS=@OLD_CHARACTER_SET_RESULTS */;
/*!40101 SET COLLATION_CONNECTION=@OLD_COLLATION_CONNECTION */;
